{
	"credit": "Made with Blockbench",
	"parent": "block/block",
	"textures": {
		"particle": "#all"
	},
	"elements": [
		{
			"from": [0, 0, 0],
			"to": [16, 16, 16],
			"faces": {
				"north": {"uv": [0, 0, 16, 16], "texture": "#all", "cullface": "north"},
				"east": {"uv": [0, 0, 16, 16], "texture": "#all", "cullface": "east"},
				"south": {"uv": [0, 0, 16, 16], "texture": "#all", "cullface": "south"},
				"west": {"uv": [0, 0, 16, 16], "texture": "#all", "cullface": "west"},
				"up": {"uv": [0, 0, 16, 16], "texture": "#all", "cullface": "up"},
				"down": {"uv": [0, 0, 16, 16], "texture": "#all", "cullface": "down"}
			}
		},
		{
			"from": [8, -5.95, -5.95],
			"to": [8, 20.55, 21.35],
			"shade": false,
			"rotation": {"angle": -22.5, "axis": "y", "origin": [8, 4.8, 8], "rescale": true},
			"faces": {
				"east": {"uv": [0, 1, 16, 16], "texture": "#s"},
				"west": {"uv": [0, 1, 16, 16], "texture": "#s"}
			}
		},
		{
			"from": [-5.35, -5.95, 8],
			"to": [21.95, 20.55, 8],
			"shade": false,
			"rotation": {"angle": -22.5, "axis": "y", "origin": [8, 4.8, 8], "rescale": true},
			"faces": {
				"north": {"uv": [0, 1, 16, 16], "texture": "#s"},
				"south": {"uv": [0, 1, 16, 16], "texture": "#s"}
			}
		}
	]
}