{
	"credit": "Made with Blockbench",
	"parent": "minecraft:block/tinted_cross",
	"texture_size": [64, 64],
	"textures": {
		"2": "block/sugar_cane_leaves",
		"particle": "block/sugar_cane_lizi",
		"cross": "block/sugar_cane"
	},
	"elements": [
		{
			"from": [12, 0, 2],
			"to": [14, 18, 4],
			"shade": false,
			"rotation": {"angle": 0, "axis": "y", "origin": [21, 8, 10]},
			"faces": {
				"north": {"uv": [4.5, 3, 5.5, 12], "texture": "#cross", "tintindex": 0},
				"east": {"uv": [4.5, 3, 5.5, 12], "texture": "#cross", "tintindex": 0},
				"south": {"uv": [4.5, 3, 5.5, 12], "texture": "#cross", "tintindex": 0},
				"west": {"uv": [4.5, 3, 5.5, 12], "texture": "#cross", "tintindex": 0},
				"up": {"uv": [4.5, 4, 5.5, 5], "texture": "#cross", "tintindex": 0},
				"down": {"uv": [4.5, 11, 5.5, 12], "texture": "#cross", "tintindex": 0}
			}
		},
		{
			"from": [7, 0, 7],
			"to": [9, 18, 9],
			"shade": false,
			"rotation": {"angle": 0, "axis": "y", "origin": [16, 8, 15]},
			"faces": {
				"north": {"uv": [4.5, 3, 5.5, 12], "texture": "#cross", "tintindex": 0},
				"east": {"uv": [4.5, 3, 5.5, 12], "texture": "#cross", "tintindex": 0},
				"south": {"uv": [4.5, 3, 5.5, 12], "texture": "#cross", "tintindex": 0},
				"west": {"uv": [4.5, 3, 5.5, 12], "texture": "#cross", "tintindex": 0},
				"up": {"uv": [4.5, 4, 5.5, 5], "texture": "#cross", "tintindex": 0},
				"down": {"uv": [4.5, 11, 5.5, 12], "texture": "#cross", "tintindex": 0}
			}
		},
		{
			"from": [2, 0, 2],
			"to": [4, 16, 4],
			"shade": false,
			"rotation": {"angle": 0, "axis": "y", "origin": [11, 8, 10]},
			"faces": {
				"north": {"uv": [10.5, 4, 11.5, 12], "texture": "#cross", "tintindex": 0},
				"east": {"uv": [10.5, 4, 11.5, 12], "texture": "#cross", "tintindex": 0},
				"south": {"uv": [10.5, 4, 11.5, 12], "texture": "#cross", "tintindex": 0},
				"west": {"uv": [10.5, 4, 11.5, 12], "texture": "#cross", "tintindex": 0},
				"up": {"uv": [4.5, 4, 5.5, 5], "texture": "#cross", "tintindex": 0},
				"down": {"uv": [4.5, 11, 5.5, 12], "texture": "#cross", "tintindex": 0}
			}
		},
		{
			"from": [2, 0, 12],
			"to": [4, 16, 14],
			"shade": false,
			"rotation": {"angle": 0, "axis": "y", "origin": [11, 8, 20]},
			"faces": {
				"north": {"uv": [4.5, 4, 5.5, 12], "texture": "#cross", "tintindex": 0},
				"east": {"uv": [4.5, 4, 5.5, 12], "texture": "#cross", "tintindex": 0},
				"south": {"uv": [4.5, 4, 5.5, 12], "texture": "#cross", "tintindex": 0},
				"west": {"uv": [4.5, 4, 5.5, 12], "texture": "#cross", "tintindex": 0},
				"up": {"uv": [4.5, 4, 5.5, 5], "texture": "#cross", "tintindex": 0},
				"down": {"uv": [4.5, 11, 5.5, 12], "texture": "#cross", "tintindex": 0}
			}
		},
		{
			"from": [12, 0, 12],
			"to": [14, 16, 14],
			"shade": false,
			"rotation": {"angle": 0, "axis": "y", "origin": [21, 8, 20]},
			"faces": {
				"north": {"uv": [10.5, 4, 11.5, 12], "texture": "#cross", "tintindex": 0},
				"east": {"uv": [10.5, 4, 11.5, 12], "texture": "#cross", "tintindex": 0},
				"south": {"uv": [10.5, 4, 11.5, 12], "texture": "#cross", "tintindex": 0},
				"west": {"uv": [10.5, 4, 11.5, 12], "texture": "#cross", "tintindex": 0},
				"up": {"uv": [4.5, 4, 5.5, 5], "texture": "#cross", "tintindex": 0},
				"down": {"uv": [4.5, 11, 5.5, 12], "texture": "#cross", "tintindex": 0}
			}
		},
		{
			"from": [9.70781, 0, 3.60589],
			"to": [9.70781, 16, 22.57646],
			"shade": false,
			"rotation": {"angle": 45, "axis": "y", "origin": [2.70781, 8, 12.60589]},
			"faces": {
				"east": {"uv": [16, 0, 8, 8], "texture": "#2", "tintindex": 0},
				"west": {"uv": [8, 0, 16, 8], "texture": "#2", "tintindex": 0}
			}
		},
		{
			"from": [6.29219, 0, 3.60589],
			"to": [6.29219, 16, 22.57646],
			"shade": false,
			"rotation": {"angle": -45, "axis": "y", "origin": [13.29219, 8, 12.60589]},
			"faces": {
				"east": {"uv": [8, 0, 0, 8], "texture": "#2", "tintindex": 0},
				"west": {"uv": [0, 0, 8, 8], "texture": "#2", "tintindex": 0}
			}
		}
	]
}