{
  "multipart": [
    {
      "apply": {
        "model": "minecraft:block/glow_lichen"
      },
      "when": {
        "north": "true"
      }
    },
    {
      "apply": {
        "model": "minecraft:block/glow_lichen"
      },
      "when": {
        "down": "false",
        "east": "false",
        "north": "false",
        "south": "false",
        "up": "false",
        "west": "false"
      }
    },
    {
      "apply": {
        "model": "minecraft:block/glow_lichen",
        "uvlock": true,
        "y": 90
      },
      "when": {
        "east": "true"
      }
    },
    {
      "apply": {
        "model": "minecraft:block/glow_lichen",
        "uvlock": true,
        "y": 90
      },
      "when": {
        "down": "false",
        "east": "false",
        "north": "false",
        "south": "false",
        "up": "false",
        "west": "false"
      }
    },
    {
      "apply": {
        "model": "minecraft:block/glow_lichen",
        "uvlock": true,
        "y": 180
      },
      "when": {
        "south": "true"
      }
    },
    {
      "apply": {
        "model": "minecraft:block/glow_lichen",
        "uvlock": true,
        "y": 180
      },
      "when": {
        "down": "false",
        "east": "false",
        "north": "false",
        "south": "false",
        "up": "false",
        "west": "false"
      }
    },
    {
      "apply": {
        "model": "minecraft:block/glow_lichen",
        "uvlock": true,
        "y": 270
      },
      "when": {
        "west": "true"
      }
    },
    {
      "apply": {
        "model": "minecraft:block/glow_lichen",
        "uvlock": true,
        "y": 270
      },
      "when": {
        "down": "false",
        "east": "false",
        "north": "false",
        "south": "false",
        "up": "false",
        "west": "false"
      }
    },
    {
      "apply": {
        "model": "minecraft:block/glow_lichen",
        "uvlock": true,
        "x": 270
      },
      "when": {
        "up": "true"
      }
    },
    {
      "apply": {
        "model": "minecraft:block/glow_lichen",
        "uvlock": true,
        "x": 270
      },
      "when": {
        "down": "false",
        "east": "false",
        "north": "false",
        "south": "false",
        "up": "false",
        "west": "false"
      }
    },
    {
      "apply": {
        "model": "minecraft:block/glow_lichen",
        "uvlock": true,
        "x": 90
      },
      "when": {
        "down": "false",
        "east": "false",
        "north": "false",
        "south": "false",
        "up": "false",
        "west": "false"
      }
    },
    {
      "when": {"down": "true","waterlogged": "true"},
      "apply": [
        {"model": "minecraft:block/nz_luwei1","weight":1},
        {"model": "minecraft:block/nz_luwei2","weight":3},
        {"model": "minecraft:block/nz_luwei3","weight":3},
        {"model": "minecraft:block/nz_luwei4","weight":3},
        {"model": "minecraft:block/nz_luwei5","weight":3},
        {"model": "minecraft:block/nz_luwei6","weight":3},
        {"model": "minecraft:block/nz_luwei7","weight":3},
        {"model": "minecraft:block/nz_luwei8","weight":3}
      ]
    },
    {
      "apply": {
        "model": "minecraft:block/glow_lichen",
        "uvlock": true,
        "x": 90
      },
      "when": {
        "down": "true",
        "waterlogged": "false"
      }
    }
  ]
}